legacy_url,target_url,target_day_url,target_anchor,day_entry_count,uses_anchor,entry_id,entry_title,entry_created_on
/archives/2002/08/open_for_busine.php,/archive/by_date/2002/08/18,/archive/by_date/2002/08/18,open_for_busine,1,0,737,"Open for business (who's??? None of yours)","2002-08-18 14:40:01"
/archives/2002/08/problems_soluti.php,/archive/by_date/2002/08/20,/archive/by_date/2002/08/20,problems_soluti,1,0,736,"Problems... Solutions...","2002-08-20 14:52:36"
/archives/2002/08/beat_generation.php,/archive/by_date/2002/08/21,/archive/by_date/2002/08/21,beat_generation,1,0,735,"Beat Generation Mad Trick","2002-08-21 11:08:38"
/archives/2002/08/peg_city_holla.php,/archive/by_date/2002/08/31,/archive/by_date/2002/08/31,peg_city_holla,1,0,734,"Peg City Holla","2002-08-31 14:17:25"
/archives/2002/09/fall_is_coming.php,/archive/by_date/2002/09/04,/archive/by_date/2002/09/04,fall_is_coming,1,0,733,"Fall is coming.  Fall is the Sunday of the seasons.","2002-09-04 20:40:39"
/archives/2002/09/andre_obey_gian.php,/archive/by_date/2002/09/06,/archive/by_date/2002/09/06,andre_obey_gian,1,0,732,Andre!,"2002-09-06 10:53:58"
/archives/2002/09/beard_monocle_a.php,/archive/by_date/2002/09/09,/archive/by_date/2002/09/09,beard_monocle_a,1,0,731,"Beard, Monocle and Cane","2002-09-09 10:53:47"
/archives/2002/09/whos_brother_i.php,/archive/by_date/2002/09/11,/archive/by_date/2002/09/11,whos_brother_i,1,0,730,"Who's Brother?","2002-09-11 10:42:15"
/archives/2002/09/funky_lucid_dre.php,/archive/by_date/2002/09/16,/archive/by_date/2002/09/16,funky_lucid_dre,1,0,729,"Funky Lucid Dreams","2002-09-16 09:23:40"
/archives/2002/09/grandma_j.php,/archive/by_date/2002/09/18,/archive/by_date/2002/09/18,grandma_j,1,0,728,"Grandma J","2002-09-18 09:57:18"
/archives/2002/09/a_very_strong_o.php,/archive/by_date/2002/09/19,/archive/by_date/2002/09/19,a_very_strong_o,1,0,727,"A very strong or irresistible impulse to travel","2002-09-19 10:04:56"
/archives/2002/09/tomatoe_soup_po.php,/archive/by_date/2002/09/25,/archive/by_date/2002/09/25,tomatoe_soup_po,1,0,726,"Tomatoe Soup & Pop Sensibility","2002-09-25 13:05:28"
/archives/2002/09/like_bubble_gum.php,/archive/by_date/2002/09/27,/archive/by_date/2002/09/27,like_bubble_gum,1,0,725,"Like Bubble Gum On A Celebrities Shoe","2002-09-27 16:23:56"
/archives/2002/09/september_skies.php,/archive/by_date/2002/09/28,/archive/by_date/2002/09/28,september_skies,1,0,724,"September Skies","2002-09-28 15:03:54"
/archives/2002/09/ive_been_preten.php,/archive/by_date/2002/09/30,/archive/by_date/2002/09/30,ive_been_preten,1,0,723,"I've Been Pretending For So Long That I've Almost Forgotten","2002-09-30 12:52:42"
/archives/2002/10/soul_doubt_so_t.php,/archive/by_date/2002/10/04,/archive/by_date/2002/10/04,soul_doubt_so_t,1,0,722,"Soul Doubt","2002-10-04 23:45:56"
/archives/2002/10/whos_left_whos.php,/archive/by_date/2002/10/05,/archive/by_date/2002/10/05,whos_left_whos,1,0,721,"Who's Left? Who's Leaving?","2002-10-05 12:25:25"
/archives/2002/10/working_title.php,/archive/by_date/2002/10/09,/archive/by_date/2002/10/09,working_title,1,0,720,"Working Title","2002-10-09 12:47:27"
/archives/2002/10/do_you_realize.php,/archive/by_date/2002/10/10,/archive/by_date/2002/10/10,do_you_realize,1,0,719,"Do You Realize?","2002-10-10 12:53:16"
/archives/2002/10/hermits_shaw_fi.php,/archive/by_date/2002/10/12,/archive/by_date/2002/10/12,hermits_shaw_fi,1,0,718,Hermits,"2002-10-12 18:26:23"
/archives/2002/10/an_implied_conc.php,/archive/by_date/2002/10/14,/archive/by_date/2002/10/14,an_implied_conc,1,0,717,"An Implied Conclusion","2002-10-14 12:48:23"
/archives/2002/10/weakened_by_the.php,/archive/by_date/2002/10/15,/archive/by_date/2002/10/15,weakened_by_the,1,0,716,"Weakened By The Weekend","2002-10-15 16:39:30"
/archives/2002/10/forget_me_nots.php,/archive/by_date/2002/10/16,/archive/by_date/2002/10/16,forget_me_nots,1,0,715,"Forget Me Nots","2002-10-16 20:48:09"
/archives/2002/10/hop_along_have.php,/archive/by_date/2002/10/18,/archive/by_date/2002/10/18,hop_along_have,1,0,714,"Hop Along","2002-10-18 21:43:33"
/archives/2002/10/the_police_are.php,/archive/by_date/2002/10/22,/archive/by_date/2002/10/22,the_police_are,1,0,713,"The Police Are My Friends","2002-10-22 20:21:07"
/archives/2002/10/halloween_count.php,/archive/by_date/2002/10/29,/archive/by_date/2002/10/29,halloween_count,1,0,712,"Halloween Countdown","2002-10-29 16:36:48"
/archives/2002/11/post_halloween.php,/archive/by_date/2002/11/03,/archive/by_date/2002/11/03,post_halloween,1,0,711,"Post Halloween Party Wrap-up","2002-11-03 14:37:48"
/archives/2002/11/hal_is_ibm_1.php,/archive/by_date/2002/11/08,/archive/by_date/2002/11/08,hal_is_ibm_1,1,0,710,"HAL is IBM + 1","2002-11-08 18:23:08"
/archives/2002/11/cf_mode.php,/archive/by_date/2002/11/13,/archive/by_date/2002/11/13,cf_mode,1,0,709,"C.F. Mode","2002-11-13 23:12:12"
/archives/2002/11/write_right.php,/archive/by_date/2002/11/15,/archive/by_date/2002/11/15,write_right,1,0,708,"Write... Right?","2002-11-15 01:15:24"
/archives/2002/11/winter_brings_d.php,/archive/by_date/2002/11/21,/archive/by_date/2002/11/21,winter_brings_d,1,0,707,"Winter Brings Darkness","2002-11-21 22:30:07"
/archives/2002/11/green_wednesday.php,/archive/by_date/2002/11/27,/archive/by_date/2002/11/27,green_wednesday,1,0,706,"Green Wednesday","2002-11-27 09:30:45"
/archives/2002/12/label_this.php,/archive/by_date/2002/12/01,/archive/by_date/2002/12/01,label_this,1,0,705,"Label This","2002-12-01 10:39:24"
/archives/2002/12/change_changes.php,/archive/by_date/2002/12/02,/archive/by_date/2002/12/02,change_changes,1,0,704,"Change changes","2002-12-02 23:34:35"
/archives/2002/12/its_all_connect.php,/archive/by_date/2002/12/03,/archive/by_date/2002/12/03,its_all_connect,1,0,703,"It's All Connected!","2002-12-03 15:01:35"
/archives/2002/12/cache_css_and_o.php,/archive/by_date/2002/12/07,/archive/by_date/2002/12/07,cache_css_and_o,1,0,702,"Cache, CSS and other geeky woes","2002-12-07 14:29:59"
/archives/2002/12/wooden_matches.php,/archive/by_date/2002/12/12,/archive/by_date/2002/12/12,wooden_matches,1,0,701,"Wooden Matches","2002-12-12 18:02:27"
/archives/2002/12/freestyle_rant.php,/archive/by_date/2002/12/14,/archive/by_date/2002/12/14,freestyle_rant,1,0,700,"Freestyle Rant","2002-12-14 01:05:32"
/archives/2002/12/stickers_and_ca.php,/archive/by_date/2002/12/17,/archive/by_date/2002/12/17,stickers_and_ca,1,0,699,"Stickers and Cams","2002-12-17 00:19:11"
/archives/2002/12/babylon.php,/archive/by_date/2002/12/18,/archive/by_date/2002/12/18,babylon,1,0,698,Babylon,"2002-12-18 14:00:22"
/archives/2002/12/lazy_eye.php,/archive/by_date/2002/12/19,/archive/by_date/2002/12/19,lazy_eye,1,0,697,"Lazy Eye","2002-12-19 23:56:38"
/archives/2002/12/two_knight.php,/archive/by_date/2002/12/21,/archive/by_date/2002/12/21,two_knight,1,0,696,"Two Knight","2002-12-21 12:01:05"
/archives/2002/12/silly_me.php,/archive/by_date/2002/12/22,/archive/by_date/2002/12/22,silly_me,1,0,695,"Silly Me","2002-12-22 16:48:57"
/archives/2002/12/holidaze.php,/archive/by_date/2002/12/27,/archive/by_date/2002/12/27,holidaze,1,0,694,Holidaze,"2002-12-27 16:56:03"
/archives/2002/12/morning.php,/archive/by_date/2002/12/30,/archive/by_date/2002/12/30,morning,1,0,693,Morning,"2002-12-30 09:05:18"
/archives/2003/01/zone_woes_from.php,/archive/by_date/2003/01/02#zone_woes_from,/archive/by_date/2003/01/02,zone_woes_from,2,1,692,"Zone Woes","2003-01-02 15:04:35"
/archives/2003/01/1825_today_is_a.php,/archive/by_date/2003/01/02#1825_today_is_a,/archive/by_date/2003/01/02,1825_today_is_a,2,1,691,1825,"2003-01-02 17:25:18"
/archives/2003/01/real_axe.php,/archive/by_date/2003/01/05,/archive/by_date/2003/01/05,real_axe,1,0,690,"Real Axe","2003-01-05 23:19:25"
/archives/2003/01/digital_muse.php,/archive/by_date/2003/01/07,/archive/by_date/2003/01/07,digital_muse,1,0,689,"Digital Muse","2003-01-07 09:54:04"
/archives/2003/01/one_great_city.php,/archive/by_date/2003/01/09,/archive/by_date/2003/01/09,one_great_city,1,0,688,"One Great City","2003-01-09 18:30:32"
/archives/2003/01/fly_paper.php,/archive/by_date/2003/01/12,/archive/by_date/2003/01/12,fly_paper,1,0,687,"Fly Paper","2003-01-12 17:44:46"
/archives/2003/01/puppeteer.php,/archive/by_date/2003/01/14,/archive/by_date/2003/01/14,puppeteer,1,0,686,Puppeteer,"2003-01-14 18:51:52"
/archives/2003/01/who.php,/archive/by_date/2003/01/15,/archive/by_date/2003/01/15,who,1,0,685,Who?,"2003-01-15 21:32:47"
/archives/2003/01/crown_of_what.php,/archive/by_date/2003/01/20,/archive/by_date/2003/01/20,crown_of_what,1,0,684,"Crown of what?","2003-01-20 23:49:20"
/archives/2003/01/on_the_disturbi.php,/archive/by_date/2003/01/21,/archive/by_date/2003/01/21,on_the_disturbi,1,0,683,"On the disturbing side of beautiful","2003-01-21 13:04:07"
/archives/2003/01/apathy.php,/archive/by_date/2003/01/23,/archive/by_date/2003/01/23,apathy,1,0,682,Apathy,"2003-01-23 23:59:41"
/archives/2003/01/time_1.php,/archive/by_date/2003/01/26,/archive/by_date/2003/01/26,time_1,1,0,681,Time,"2003-01-26 19:15:10"
/archives/2003/01/weather.php,/archive/by_date/2003/01/27,/archive/by_date/2003/01/27,weather,1,0,680,Weather,"2003-01-27 09:49:25"
/archives/2003/01/wrong_address.php,/archive/by_date/2003/01/28,/archive/by_date/2003/01/28,wrong_address,1,0,679,"Wrong Address","2003-01-28 22:31:26"
/archives/2003/01/more_on_the_sua.php,/archive/by_date/2003/01/29,/archive/by_date/2003/01/29,more_on_the_sua,1,0,678,"More on the SUA","2003-01-29 14:03:03"
/archives/2003/01/got_no_time_for.php,/archive/by_date/2003/01/30,/archive/by_date/2003/01/30,got_no_time_for,1,0,677,"Got No Time For Sweet 909","2003-01-30 23:36:58"
/archives/2003/02/stomach_trouble.php,/archive/by_date/2003/02/03,/archive/by_date/2003/02/03,stomach_trouble,1,0,676,"Stomach Troubles","2003-02-03 12:33:28"
/archives/2003/02/mashed_potatoes.php,/archive/by_date/2003/02/05,/archive/by_date/2003/02/05,mashed_potatoes,1,0,675,"Mashed Potatoes","2003-02-05 00:02:15"
/archives/2003/02/the_same_but_di.php,/archive/by_date/2003/02/06,/archive/by_date/2003/02/06,the_same_but_di,1,0,674,"The Same But Different","2003-02-06 16:59:20"
/archives/2003/02/if_you_hear_the.php,/archive/by_date/2003/02/07,/archive/by_date/2003/02/07,if_you_hear_the,1,0,673,"If you hear them from your brother, better clear them with your mother...","2003-02-07 16:43:03"
/archives/2003/02/stats_that_piss.php,/archive/by_date/2003/02/08,/archive/by_date/2003/02/08,stats_that_piss,1,0,672,"Stats that piss me off","2003-02-08 09:38:20"
/archives/2003/02/rain_drops_on_r.php,/archive/by_date/2003/02/12,/archive/by_date/2003/02/12,rain_drops_on_r,1,0,671,"Rain drops on roses","2003-02-12 00:00:30"
/archives/2003/02/slipperly_feet.php,/archive/by_date/2003/02/13,/archive/by_date/2003/02/13,slipperly_feet,1,0,670,"Slipperly Feet","2003-02-13 14:00:34"
/archives/2003/02/hello_my_name_i.php,/archive/by_date/2003/02/14,/archive/by_date/2003/02/14,hello_my_name_i,1,0,669,"Hello, my name is...","2003-02-14 10:30:31"
/archives/2003/02/a_new_home.php,/archive/by_date/2003/02/17#a_new_home,/archive/by_date/2003/02/17,a_new_home,2,1,668,"A New Home","2003-02-17 09:35:03"
/archives/2003/02/balanced.php,/archive/by_date/2003/02/17#balanced,/archive/by_date/2003/02/17,balanced,2,1,667,Balanced,"2003-02-17 23:55:21"
/archives/2003/02/to_be.php,/archive/by_date/2003/02/21,/archive/by_date/2003/02/21,to_be,1,0,666,"To be?","2003-02-21 00:09:24"
/archives/2003/02/than_who.php,/archive/by_date/2003/02/24,/archive/by_date/2003/02/24,than_who,1,0,665,"Than Who?","2003-02-24 22:16:17"
/archives/2003/02/stick_it_to_the.php,/archive/by_date/2003/02/25,/archive/by_date/2003/02/25,stick_it_to_the,1,0,664,"Stick it to the man","2003-02-25 17:06:54"
/archives/2003/02/a_beautiful_day.php,/archive/by_date/2003/02/27,/archive/by_date/2003/02/27,a_beautiful_day,1,0,663,"A Beautiful Day In The Neighborhood?","2003-02-27 20:30:45"
/archives/2003/03/see_what_i_see.php,/archive/by_date/2003/03/02,/archive/by_date/2003/03/02,see_what_i_see,1,0,662,"See what I see","2003-03-02 12:12:36"
/archives/2003/03/if_clouds_were.php,/archive/by_date/2003/03/06,/archive/by_date/2003/03/06,if_clouds_were,1,0,661,"If clouds were guitar strings and the raindrops were chords","2003-03-06 13:21:11"
/archives/2003/03/win_without.php,/archive/by_date/2003/03/11,/archive/by_date/2003/03/11,win_without,1,0,660,"Win Without","2003-03-11 22:57:08"
/archives/2003/03/blowing_in_the.php,/archive/by_date/2003/03/12,/archive/by_date/2003/03/12,blowing_in_the,1,0,659,"Blowing In The Wind","2003-03-12 23:45:42"
/archives/2003/03/living_the_drea.php,/archive/by_date/2003/03/16,/archive/by_date/2003/03/16,living_the_drea,1,0,658,"Living the dream","2003-03-16 23:30:02"
/archives/2003/03/birds_still_sin.php,/archive/by_date/2003/03/19,/archive/by_date/2003/03/19,birds_still_sin,1,0,657,"Birds Still Sing","2003-03-19 23:21:14"
/archives/2003/03/the_horses_mout.php,/archive/by_date/2003/03/21,/archive/by_date/2003/03/21,the_horses_mout,1,0,656,"The Horses Mouth","2003-03-21 10:27:46"
/archives/2003/03/happiness_revis.php,/archive/by_date/2003/03/23,/archive/by_date/2003/03/23,happiness_revis,1,0,655,"Happiness... revisited","2003-03-23 23:30:43"
/archives/2003/03/thoughts.php,/archive/by_date/2003/03/26#thoughts,/archive/by_date/2003/03/26,thoughts,2,1,654,Thoughts,"2003-03-26 15:34:39"
/archives/2003/03/mic_in_track.php,/archive/by_date/2003/03/26#mic_in_track,/archive/by_date/2003/03/26,mic_in_track,2,1,653,"Mic In Track","2003-03-26 23:31:59"
/archives/2003/03/bowling_for_eur.php,/archive/by_date/2003/03/28,/archive/by_date/2003/03/28,bowling_for_eur,1,0,652,"Bowling for Euros","2003-03-28 14:36:36"
/archives/2003/03/peace_nbspnbspw.php,/archive/by_date/2003/03/31,/archive/by_date/2003/03/31,peace_nbspnbspw,1,0,651,"--)--P-e-a-c-e-- (with) --S-w-o-r-d-s--)--","2003-03-31 22:39:30"
/archives/2003/04/war_everyone_wa.php,/archive/by_date/2003/04/02,/archive/by_date/2003/04/02,war_everyone_wa,1,0,650,"War: Everyone Wants It (Except Smart People and the U.N.)","2003-04-02 11:30:50"
/archives/2003/04/think_of_the_ch.php,/archive/by_date/2003/04/04,/archive/by_date/2003/04/04,think_of_the_ch,1,0,649,"Think of the children","2003-04-04 15:50:35"
/archives/2003/04/democrazy.php,/archive/by_date/2003/04/06,/archive/by_date/2003/04/06,democrazy,1,0,648,Demo-crazy,"2003-04-06 04:30:58"
/archives/2003/04/the_dreams_in_w.php,/archive/by_date/2003/04/08,/archive/by_date/2003/04/08,the_dreams_in_w,1,0,647,"The dreams in which I'm dying are the best I've ever had...","2003-04-08 23:07:47"
/archives/2003/04/cnn.php,/archive/by_date/2003/04/10,/archive/by_date/2003/04/10,cnn,1,0,646,CNN?,"2003-04-10 20:49:59"
/archives/2003/04/its_its_all_con.php,/archive/by_date/2003/04/11,/archive/by_date/2003/04/11,its_its_all_con,1,0,645,"It's... it's all connected!","2003-04-11 16:33:14"
/archives/2003/04/lost_in_a_sea_o.php,/archive/by_date/2003/04/16,/archive/by_date/2003/04/16,lost_in_a_sea_o,1,0,644,"Lost in a sea of questions","2003-04-16 23:59:16"
/archives/2003/04/maintained_by_a.php,/archive/by_date/2003/04/19,/archive/by_date/2003/04/19,maintained_by_a,1,0,643,"maintained by anonymous sources","2003-04-19 03:51:56"
/archives/2003/04/numbingly_comfo.php,/archive/by_date/2003/04/20,/archive/by_date/2003/04/20,numbingly_comfo,1,0,642,"Numbingly comfortable","2003-04-20 17:03:18"
/archives/2003/04/musical_connect.php,/archive/by_date/2003/04/21,/archive/by_date/2003/04/21,musical_connect,1,0,641,"Musical Connections","2003-04-21 22:43:47"
/archives/2003/04/voltage_control.php,/archive/by_date/2003/04/26,/archive/by_date/2003/04/26,voltage_control,1,0,640,"Voltage Controlled Oscillator","2003-04-26 12:24:09"
/archives/2003/04/lucky_what.php,/archive/by_date/2003/04/27,/archive/by_date/2003/04/27,lucky_what,1,0,639,"Lucky What?","2003-04-27 23:52:47"
/archives/2003/05/i_really_never.php,/archive/by_date/2003/05/04,/archive/by_date/2003/05/04,i_really_never,1,0,638,"I really never felt quite the same since I lost what I had to gain","2003-05-04 20:33:44"
/archives/2003/05/who_called_the.php,/archive/by_date/2003/05/05,/archive/by_date/2003/05/05,who_called_the,1,0,637,"Who called the kettle what?","2003-05-05 15:29:10"
/archives/2003/05/signals_systems.php,/archive/by_date/2003/05/13,/archive/by_date/2003/05/13,signals_systems,1,0,636,"Signals, Systems and Transforms","2003-05-13 00:16:49"
/archives/2003/05/is_it_all_going.php,/archive/by_date/2003/05/15,/archive/by_date/2003/05/15,is_it_all_going,1,0,635,"Is it all going to fall?","2003-05-15 00:36:20"
/archives/2003/05/how_cute_is_tha.php,/archive/by_date/2003/05/16,/archive/by_date/2003/05/16,how_cute_is_tha,1,0,634,"How cute is that!","2003-05-16 16:05:10"
/archives/2003/05/wonderin.php,/archive/by_date/2003/05/19,/archive/by_date/2003/05/19,wonderin,1,0,633,wonderin,"2003-05-19 22:06:28"
/archives/2003/05/setec_astronomy.php,/archive/by_date/2003/05/22,/archive/by_date/2003/05/22,setec_astronomy,1,0,632,"Setec Astronomy","2003-05-22 00:08:39"
/archives/2003/05/i_see_patterns.php,/archive/by_date/2003/05/23,/archive/by_date/2003/05/23,i_see_patterns,1,0,631,"I See Patterns Everywhere","2003-05-23 16:14:46"
/archives/2003/05/misguided_misdi.php,/archive/by_date/2003/05/24,/archive/by_date/2003/05/24,misguided_misdi,1,0,630,"misguided, misdirected, and almost fooled","2003-05-24 16:32:54"
/archives/2003/05/beat_trip.php,/archive/by_date/2003/05/27,/archive/by_date/2003/05/27,beat_trip,1,0,629,"Beat Trip","2003-05-27 16:37:44"
/archives/2003/05/cough_cough.php,/archive/by_date/2003/05/31,/archive/by_date/2003/05/31,cough_cough,1,0,628,"Cough Cough","2003-05-31 12:13:57"
/archives/2003/06/you_cant_get_th.php,/archive/by_date/2003/06/02,/archive/by_date/2003/06/02,you_cant_get_th,1,0,627,"You Can't Get There From Here","2003-06-02 14:12:36"
/archives/2003/06/wonder_full.php,/archive/by_date/2003/06/05,/archive/by_date/2003/06/05,wonder_full,1,0,626,"Wonder Full","2003-06-05 23:55:26"
/archives/2003/06/hollywood_but_c.php,/archive/by_date/2003/06/10,/archive/by_date/2003/06/10,hollywood_but_c,1,0,625,"Hollywood, but couldn't","2003-06-10 20:18:37"
/archives/2003/06/out_to_lunch.php,/archive/by_date/2003/06/13,/archive/by_date/2003/06/13,out_to_lunch,1,0,624,"Out to lunch","2003-06-13 15:02:17"
/archives/2003/06/ever_wish_recei.php,/archive/by_date/2003/06/18,/archive/by_date/2003/06/18,ever_wish_recei,1,0,623,"Ever Wish, Receive And Regret?","2003-06-18 15:58:33"
/archives/2003/06/strive_on_with.php,/archive/by_date/2003/06/24,/archive/by_date/2003/06/24,strive_on_with,1,0,622,"Strive on with awareness","2003-06-24 01:09:02"
/archives/2003/06/wishing_well.php,/archive/by_date/2003/06/26,/archive/by_date/2003/06/26,wishing_well,1,0,621,"Wishing Well","2003-06-26 15:40:25"
/archives/2003/07/an_elegy_for_im.php,/archive/by_date/2003/07/03,/archive/by_date/2003/07/03,an_elegy_for_im,1,0,620,"An Elegy For Imagination?","2003-07-03 00:37:08"
/archives/2003/07/disconnected.php,/archive/by_date/2003/07/07,/archive/by_date/2003/07/07,disconnected,1,0,619,Disconnected,"2003-07-07 16:55:39"
/archives/2003/07/youre_never_the.php,/archive/by_date/2003/07/11,/archive/by_date/2003/07/11,youre_never_the,1,0,618,"You're Never There When I Don't Need You","2003-07-11 14:51:53"
/archives/2003/07/pathetic_life_p.php,/archive/by_date/2003/07/16,/archive/by_date/2003/07/16,pathetic_life_p,1,0,617,"Pathetic Life Path Etiquette","2003-07-16 09:42:34"
/archives/2003/07/signal_to_noise.php,/archive/by_date/2003/07/18,/archive/by_date/2003/07/18,signal_to_noise,1,0,616,"Signal To Noise","2003-07-18 15:19:39"
/archives/2003/07/find_a_penny.php,/archive/by_date/2003/07/23,/archive/by_date/2003/07/23,find_a_penny,1,0,615,"Find A Penny","2003-07-23 00:06:26"
/archives/2003/07/well_i_wonder.php,/archive/by_date/2003/07/24,/archive/by_date/2003/07/24,well_i_wonder,1,0,614,"Well I Wonder...","2003-07-24 00:39:41"
/archives/2003/07/sun_glasses.php,/archive/by_date/2003/07/29,/archive/by_date/2003/07/29,sun_glasses,1,0,613,"Sun Glasses","2003-07-29 23:44:59"
/archives/2003/08/ceci_nest_pas_u.php,/archive/by_date/2003/08/11,/archive/by_date/2003/08/11,ceci_nest_pas_u,1,0,612,"Ceci n'est pas une pipe","2003-08-11 17:04:34"
/archives/2003/08/watch_out_now.php,/archive/by_date/2003/08/18,/archive/by_date/2003/08/18,watch_out_now,1,0,611,"Watch Out Now","2003-08-18 00:38:09"
/archives/2003/08/in_other_words.php,/archive/by_date/2003/08/21,/archive/by_date/2003/08/21,in_other_words,1,0,610,"In Other Words... hold my hand","2003-08-21 01:28:07"
/archives/2003/08/forgotten_rebel.php,/archive/by_date/2003/08/22,/archive/by_date/2003/08/22,forgotten_rebel,1,0,609,"Forgotten Rebels","2003-08-22 20:20:26"
/archives/2003/08/calculated_chao.php,/archive/by_date/2003/08/25,/archive/by_date/2003/08/25,calculated_chao,1,0,608,"Calculated Chaos","2003-08-25 23:13:48"
/archives/2003/08/traded_in_my_cr.php,/archive/by_date/2003/08/27#traded_in_my_cr,/archive/by_date/2003/08/27,traded_in_my_cr,2,1,607,"Traded in my Crayons for Krylons","2003-08-27 13:36:37"
/archives/2003/08/zen_and_the_art.php,/archive/by_date/2003/08/27#zen_and_the_art,/archive/by_date/2003/08/27,zen_and_the_art,2,1,606,"Zen and the Art of Rainstorms","2003-08-27 22:29:54"
/archives/2003/08/fast_forward_re.php,/archive/by_date/2003/08/29,/archive/by_date/2003/08/29,fast_forward_re,1,0,605,"Fast Forward. Rewind.","2003-08-29 15:06:20"
/archives/2003/09/outside_in.php,/archive/by_date/2003/09/04,/archive/by_date/2003/09/04,outside_in,1,0,604,"Outside In","2003-09-04 22:49:28"
/archives/2003/09/all_good_things.php,/archive/by_date/2003/09/10,/archive/by_date/2003/09/10,all_good_things,1,0,603,"All good things must come to an end","2003-09-10 13:29:48"
/archives/2003/09/what_happened_h.php,/archive/by_date/2003/09/11#what_happened_h,/archive/by_date/2003/09/11,what_happened_h,2,1,602,"What happened here?","2003-09-11 00:28:59"
/archives/2003/09/on_a_ferry.php,/archive/by_date/2003/09/11#on_a_ferry,/archive/by_date/2003/09/11,on_a_ferry,2,1,601,"On a ferry","2003-09-11 22:34:45"
/archives/2003/09/in_a_way.php,/archive/by_date/2003/09/14,/archive/by_date/2003/09/14,in_a_way,1,0,600,"In A Way","2003-09-14 13:06:12"
/archives/2003/09/scenes_from_a_m.php,/archive/by_date/2003/09/16,/archive/by_date/2003/09/16,scenes_from_a_m,1,0,599,"Scenes from a memory","2003-09-16 17:17:01"
/archives/2003/09/would_somebody.php,/archive/by_date/2003/09/17,/archive/by_date/2003/09/17,would_somebody,1,0,598,"Would somebody think of the animals?","2003-09-17 23:58:21"
/archives/2003/09/half_way_throug.php,/archive/by_date/2003/09/23,/archive/by_date/2003/09/23,half_way_throug,1,0,597,"Half Way Through","2003-09-23 00:02:16"
/archives/2003/09/longer_is_bette.php,/archive/by_date/2003/09/25,/archive/by_date/2003/09/25,longer_is_bette,1,0,596,"LONGER IS BETTER","2003-09-25 13:25:24"
/archives/2003/09/unintentional_i.php,/archive/by_date/2003/09/30,/archive/by_date/2003/09/30,unintentional_i,1,0,595,"Unintentional Intentions","2003-09-30 15:42:35"
/archives/2003/10/a_crash_course.php,/archive/by_date/2003/10/01,/archive/by_date/2003/10/01,a_crash_course,1,0,594,"A Crash Course On Complexity, Emergence and Collective Intelligence","2003-10-01 13:26:38"
/archives/2003/10/what_time_is_it.php,/archive/by_date/2003/10/02,/archive/by_date/2003/10/02,what_time_is_it,1,0,593,"What time is it?","2003-10-02 22:32:55"
/archives/2003/10/2_less_than_4.php,/archive/by_date/2003/10/04,/archive/by_date/2003/10/04,2_less_than_4,1,0,592,"2 Less Than 4","2003-10-04 00:18:49"
/archives/2003/10/let_my_spirit_c.php,/archive/by_date/2003/10/07,/archive/by_date/2003/10/07,let_my_spirit_c,1,0,591,"Let my spirit carry me","2003-10-07 23:43:10"
/archives/2003/10/theres_a_freeze.php,/archive/by_date/2003/10/09,/archive/by_date/2003/10/09,theres_a_freeze,1,0,590,"There's A Freeze Up Coming","2003-10-09 00:12:20"
/archives/2003/10/natures_climbin.php,/archive/by_date/2003/10/13,/archive/by_date/2003/10/13,natures_climbin,1,0,589,"Nature's Climbing Paintbrush","2003-10-13 16:38:58"
/archives/2003/10/had_a_little_to.php,/archive/by_date/2003/10/16#had_a_little_to,/archive/by_date/2003/10/16,had_a_little_to,2,1,588,"Had a little too much to think tonight","2003-10-16 18:06:44"
/archives/2003/10/borrowing_accou.php,/archive/by_date/2003/10/16#borrowing_accou,/archive/by_date/2003/10/16,borrowing_accou,2,1,587,"Borrowing account","2003-10-16 23:34:39"
/archives/2003/10/giving_in_to_sw.php,/archive/by_date/2003/10/18,/archive/by_date/2003/10/18,giving_in_to_sw,1,0,586,"Giving in to sweetness","2003-10-18 13:22:44"
/archives/2003/10/wake_up_call.php,/archive/by_date/2003/10/19,/archive/by_date/2003/10/19,wake_up_call,1,0,585,"Wake up call","2003-10-19 23:28:34"
/archives/2003/10/match_and_win.php,/archive/by_date/2003/10/20,/archive/by_date/2003/10/20,match_and_win,1,0,584,"Match and Win","2003-10-20 23:39:40"
/archives/2003/10/nothing_selfinf.php,/archive/by_date/2003/10/21,/archive/by_date/2003/10/21,nothing_selfinf,1,0,583,"Nothing self-inflicted hurts like an accident","2003-10-21 23:35:07"
/archives/2003/10/the_mask_is_on.php,/archive/by_date/2003/10/22,/archive/by_date/2003/10/22,the_mask_is_on,1,0,582,"The Mask Is On","2003-10-22 22:07:59"
/archives/2003/10/a_blanket_for_y.php,/archive/by_date/2003/10/26,/archive/by_date/2003/10/26,a_blanket_for_y,1,0,581,"A Blanket For Your Mind","2003-10-26 10:49:44"
/archives/2003/10/past_lives.php,/archive/by_date/2003/10/27,/archive/by_date/2003/10/27,past_lives,1,0,580,"Past Lives","2003-10-27 18:42:10"
/archives/2003/10/novel_animality.php,/archive/by_date/2003/10/28#novel_animality,/archive/by_date/2003/10/28,novel_animality,2,1,579,"Novel Animality","2003-10-28 10:09:40"
/archives/2003/10/examples_of_pro.php,/archive/by_date/2003/10/28#examples_of_pro,/archive/by_date/2003/10/28,examples_of_pro,2,1,578,"Examples Of Progress","2003-10-28 10:56:28"
/archives/2003/10/binary_star.php,/archive/by_date/2003/10/29,/archive/by_date/2003/10/29,binary_star,1,0,577,"Binary Star","2003-10-29 23:28:47"
/archives/2003/11/stay_right_here.php,/archive/by_date/2003/11/03,/archive/by_date/2003/11/03,stay_right_here,1,0,576,"Stay Right Here","2003-11-03 22:01:51"
/archives/2003/11/trinity.php,/archive/by_date/2003/11/04,/archive/by_date/2003/11/04,trinity,1,0,575,Trinity,"2003-11-04 10:51:55"
/archives/2003/11/why_say_yes_to.php,/archive/by_date/2003/11/05#why_say_yes_to,/archive/by_date/2003/11/05,why_say_yes_to,2,1,574,"why say yes to democracy when fascism works so well?","2003-11-05 08:14:37"
/archives/2003/11/time.php,/archive/by_date/2003/11/05#time,/archive/by_date/2003/11/05,time,2,1,573,Time,"2003-11-05 10:25:25"
/archives/2003/11/nobody_said_tha.php,/archive/by_date/2003/11/06,/archive/by_date/2003/11/06,nobody_said_tha,1,0,572,"Nobody Said That The World Was Fair","2003-11-06 23:24:23"
/archives/2003/11/let_me_introduc.php,/archive/by_date/2003/11/07,/archive/by_date/2003/11/07,let_me_introduc,1,0,571,"Let Me Introduce...","2003-11-07 09:41:07"
/archives/2003/11/connections_add.php,/archive/by_date/2003/11/13,/archive/by_date/2003/11/13,connections_add,1,0,570,"Connections. Added Complexity.","2003-11-13 12:15:17"
/archives/2003/11/a_flash_in_the.php,/archive/by_date/2003/11/14,/archive/by_date/2003/11/14,a_flash_in_the,1,0,569,"A Flash In The Pan","2003-11-14 11:08:37"
/archives/2003/11/teddy_bears_pic.php,/archive/by_date/2003/11/15,/archive/by_date/2003/11/15,teddy_bears_pic,1,0,568,"Teddy Bear's Picnic","2003-11-15 13:43:14"
/archives/2003/11/lost.php,/archive/by_date/2003/11/16,/archive/by_date/2003/11/16,lost,1,0,567,Lost?,"2003-11-16 22:01:34"
/archives/2003/11/found.php,/archive/by_date/2003/11/17,/archive/by_date/2003/11/17,found,1,0,566,Found!,"2003-11-17 17:30:58"
/archives/2003/11/images_from_oth.php,/archive/by_date/2003/11/18#images_from_oth,/archive/by_date/2003/11/18,images_from_oth,2,1,565,"Images from other eyes.","2003-11-18 15:06:30"
/archives/2003/11/can_you_imagine.php,/archive/by_date/2003/11/18#can_you_imagine,/archive/by_date/2003/11/18,can_you_imagine,2,1,564,"Can you imagine that?","2003-11-18 18:02:42"
/archives/2003/11/mad_hatter.php,/archive/by_date/2003/11/19,/archive/by_date/2003/11/19,mad_hatter,1,0,563,"Mad Hatter","2003-11-19 13:15:45"
/archives/2003/11/past.php,/archive/by_date/2003/11/21,/archive/by_date/2003/11/21,past,1,0,562,Past,"2003-11-21 09:29:29"
/archives/2003/11/mixed_nuts.php,/archive/by_date/2003/11/24,/archive/by_date/2003/11/24,mixed_nuts,1,0,561,"Mixed Nuts","2003-11-24 17:55:05"
/archives/2003/11/standing_room_o.php,/archive/by_date/2003/11/26,/archive/by_date/2003/11/26,standing_room_o,1,0,560,"Standing Room Only","2003-11-26 09:48:28"
/archives/2003/11/from_instincts.php,/archive/by_date/2003/11/28,/archive/by_date/2003/11/28,from_instincts,1,0,559,"From instincts to consciousness","2003-11-28 10:31:00"
/archives/2003/12/greatest_hits_c.php,/archive/by_date/2003/12/03,/archive/by_date/2003/12/03,greatest_hits_c,1,0,558,"Greatest Hits Collections","2003-12-03 11:05:09"
/archives/2003/12/woodland_caribo.php,/archive/by_date/2003/12/04,/archive/by_date/2003/12/04,woodland_caribo,1,0,557,"Woodland Caribou","2003-12-04 16:00:18"
/archives/2003/12/pick_up_sticks.php,/archive/by_date/2003/12/05,/archive/by_date/2003/12/05,pick_up_sticks,1,0,556,"Pick Up Sticks","2003-12-05 17:59:47"
/archives/2003/12/waving_snowmen.php,/archive/by_date/2003/12/08,/archive/by_date/2003/12/08,waving_snowmen,1,0,555,"Waving Snowmen, (melt quickly)","2003-12-08 15:23:14"
/archives/2003/12/copy_and_paste.php,/archive/by_date/2003/12/10,/archive/by_date/2003/12/10,copy_and_paste,1,0,554,"Copy and Paste","2003-12-10 13:36:31"
/archives/2003/12/captured_hearts.php,/archive/by_date/2003/12/12,/archive/by_date/2003/12/12,captured_hearts,1,0,553,"Captured Hearts","2003-12-12 00:11:05"
/archives/2003/12/square_meals.php,/archive/by_date/2003/12/15,/archive/by_date/2003/12/15,square_meals,1,0,552,"Square Meals","2003-12-15 01:10:09"
/archives/2003/12/the_blue_pill.php,/archive/by_date/2003/12/19,/archive/by_date/2003/12/19,the_blue_pill,1,0,551,"The Blue Pill","2003-12-19 15:19:33"
/archives/2003/12/pretend_to_try.php,/archive/by_date/2003/12/23,/archive/by_date/2003/12/23,pretend_to_try,1,0,550,"Pretend to try","2003-12-23 19:20:21"
/archives/2004/01/b_sc.php,/archive/by_date/2004/01/02#b_sc,/archive/by_date/2004/01/02,b_sc,2,1,549,"B. Sc.","2004-01-02 10:30:48"
/archives/2004/01/i_couldnt_resis.php,/archive/by_date/2004/01/02#i_couldnt_resis,/archive/by_date/2004/01/02,i_couldnt_resis,2,1,548,"I Couldn't Resist","2004-01-02 11:35:30"
/archives/2004/01/two_rivers.php,/archive/by_date/2004/01/05,/archive/by_date/2004/01/05,two_rivers,1,0,547,"Two Rivers","2004-01-05 12:25:11"
/archives/2004/01/past_wonder.php,/archive/by_date/2004/01/09,/archive/by_date/2004/01/09,past_wonder,1,0,546,"Past Wonder","2004-01-09 14:31:36"
/archives/2004/01/the_under_toad.php,/archive/by_date/2004/01/14#the_under_toad,/archive/by_date/2004/01/14,the_under_toad,2,1,545,"The Under Toad","2004-01-14 01:30:23"
/archives/2004/01/check_your_head.php,/archive/by_date/2004/01/14#check_your_head,/archive/by_date/2004/01/14,check_your_head,2,1,544,"Check your head","2004-01-14 22:52:41"
/archives/2004/01/nothing.php,/archive/by_date/2004/01/16,/archive/by_date/2004/01/16,nothing,1,0,543,no-thing,"2004-01-16 12:14:20"
/archives/2004/01/the_plays_the_t.php,/archive/by_date/2004/01/19,/archive/by_date/2004/01/19,the_plays_the_t,1,0,542,"The play's the thing","2004-01-19 15:36:43"
/archives/2004/01/bisous.php,/archive/by_date/2004/01/26,/archive/by_date/2004/01/26,bisous,1,0,541,Bisous,"2004-01-26 10:27:47"
/archives/2004/01/honey_never_goe.php,/archive/by_date/2004/01/29,/archive/by_date/2004/01/29,honey_never_goe,1,0,540,"Honey never goes bad (a.k.a. sweet teeth)","2004-01-29 11:20:21"
/archives/2004/02/blunt_sharpie_c.php,/archive/by_date/2004/02/03,/archive/by_date/2004/02/03,blunt_sharpie_c,1,0,539,"Blunt Sharpie Cursive","2004-02-03 15:36:08"
/archives/2004/02/the_tyranny_of.php,/archive/by_date/2004/02/05,/archive/by_date/2004/02/05,the_tyranny_of,1,0,538,"the tyranny of framing our attention","2004-02-05 13:26:26"
/archives/2004/02/ordered_chaos.php,/archive/by_date/2004/02/09,/archive/by_date/2004/02/09,ordered_chaos,1,0,537,"Ordered Chaos","2004-02-09 23:06:55"
/archives/2004/02/ordered_chaos_r.php,/archive/by_date/2004/02/12,/archive/by_date/2004/02/12,ordered_chaos_r,1,0,536,"Ordered Chaos Revisited","2004-02-12 18:14:58"
/archives/2004/02/experimentation.php,/archive/by_date/2004/02/16,/archive/by_date/2004/02/16,experimentation,1,0,535,"Experimentation. Familiarization. It's all a nature walk.","2004-02-16 00:28:21"
/archives/2004/02/irony_vs_empath.php,/archive/by_date/2004/02/20,/archive/by_date/2004/02/20,irony_vs_empath,1,0,534,"Irony vs Empath","2004-02-20 12:10:01"
/archives/2004/02/as_the_sky_trie.php,/archive/by_date/2004/02/24,/archive/by_date/2004/02/24,as_the_sky_trie,1,0,533,"as the sky tries on its uniform of turned off t.v. grey","2004-02-24 01:22:07"
/archives/2004/02/behind_her_smil.php,/archive/by_date/2004/02/25,/archive/by_date/2004/02/25,behind_her_smil,1,0,532,"behind her smiling eyes","2004-02-25 10:52:06"
/archives/2004/02/the_fate_of_dru.php,/archive/by_date/2004/02/27,/archive/by_date/2004/02/27,the_fate_of_dru,1,0,531,"The fate of drums (Deeper Well)","2004-02-27 13:33:02"
/archives/2004/02/the_ablest.php,/archive/by_date/2004/02/28,/archive/by_date/2004/02/28,the_ablest,1,0,530,"The Ablest","2004-02-28 18:09:58"
/archives/2004/03/tea.php,/archive/by_date/2004/03/03,/archive/by_date/2004/03/03,tea,1,0,529,Tea,"2004-03-03 12:22:32"
/archives/2004/03/centre.php,/archive/by_date/2004/03/04,/archive/by_date/2004/03/04,centre,1,0,528,Centre,"2004-03-04 13:38:17"
/archives/2004/03/scratching_post.php,/archive/by_date/2004/03/05,/archive/by_date/2004/03/05,scratching_post,1,0,527,"Scratching Post","2004-03-05 14:51:23"
/archives/2004/03/sublime.php,/archive/by_date/2004/03/09,/archive/by_date/2004/03/09,sublime,1,0,526,Sublime,"2004-03-09 10:47:44"
/archives/2004/03/inside_its_all.php,/archive/by_date/2004/03/10,/archive/by_date/2004/03/10,inside_its_all,1,0,525,"Inside, it's all...","2004-03-10 10:48:01"
/archives/2004/03/those_who_care.php,/archive/by_date/2004/03/11#those_who_care,/archive/by_date/2004/03/11,those_who_care,2,1,524,"Those who care...","2004-03-11 09:31:05"
/archives/2004/03/nothing_destroy.php,/archive/by_date/2004/03/11#nothing_destroy,/archive/by_date/2004/03/11,nothing_destroy,2,1,523,"Nothing destroys description so much as words...","2004-03-11 10:42:31"
/archives/2004/03/honey_brown.php,/archive/by_date/2004/03/16,/archive/by_date/2004/03/16,honey_brown,1,0,522,"Honey Brown","2004-03-16 22:57:35"
/archives/2004/04/back_in_lack.php,/archive/by_date/2004/04/05,/archive/by_date/2004/04/05,back_in_lack,1,0,521,"Back In Lack","2004-04-05 10:19:43"
/archives/2004/04/i_cant_pick_it.php,/archive/by_date/2004/04/11,/archive/by_date/2004/04/11,i_cant_pick_it,1,0,520,"I Can't Pick It Up","2004-04-11 23:38:34"
/archives/2004/04/buy_a_dog_a_bon.php,/archive/by_date/2004/04/15,/archive/by_date/2004/04/15,buy_a_dog_a_bon,1,0,519,"Buy a dog a bone","2004-04-15 07:50:03"
/archives/2004/04/we_are_all_noor.php,/archive/by_date/2004/04/20#we_are_all_noor,/archive/by_date/2004/04/20,we_are_all_noor,2,1,518,"We Are All Noorons","2004-04-20 01:07:14"
/archives/2004/04/right_reality.php,/archive/by_date/2004/04/20#right_reality,/archive/by_date/2004/04/20,right_reality,2,1,517,"Right Reality","2004-04-20 11:38:44"
/archives/2004/04/tit_for_tat.php,/archive/by_date/2004/04/28,/archive/by_date/2004/04/28,tit_for_tat,1,0,516,"Tit for Tat","2004-04-28 13:33:54"
/archives/2004/05/evolution_baby.php,/archive/by_date/2004/05/08,/archive/by_date/2004/05/08,evolution_baby,1,0,515,"Evolution Baby","2004-05-08 16:24:28"
/archives/2004/05/a_stitch_in_tim.php,/archive/by_date/2004/05/11,/archive/by_date/2004/05/11,a_stitch_in_tim,1,0,514,"A Stitch In Time","2004-05-11 11:43:46"
/archives/2004/05/paper_memory.php,/archive/by_date/2004/05/13#paper_memory,/archive/by_date/2004/05/13,paper_memory,2,1,513,"Paper Memory","2004-05-13 13:07:44"
/archives/2004/05/digital_memory.php,/archive/by_date/2004/05/13#digital_memory,/archive/by_date/2004/05/13,digital_memory,2,1,512,"Digital Memory","2004-05-13 14:53:30"
/archives/2004/05/meta.php,/archive/by_date/2004/05/17,/archive/by_date/2004/05/17,meta,1,0,511,Meta,"2004-05-17 15:53:17"
/archives/2004/05/democracygood_f.php,/archive/by_date/2004/05/26,/archive/by_date/2004/05/26,democracygood_f,1,0,510,"Democracy:Good - Fascism:Bad","2004-05-26 16:03:31"
/archives/2004/05/drawn_in.php,/archive/by_date/2004/05/31,/archive/by_date/2004/05/31,drawn_in,1,0,509,"drawn in","2004-05-31 02:26:52"
/archives/2004/06/grammar_for_two.php,/archive/by_date/2004/06/01,/archive/by_date/2004/06/01,grammar_for_two,1,0,508,"Grammar for two, please.","2004-06-01 23:03:17"
/archives/2004/06/home_of_purple.php,/archive/by_date/2004/06/02,/archive/by_date/2004/06/02,home_of_purple,1,0,507,"Home of Purple City","2004-06-02 13:51:31"
/archives/2004/06/they_cover_wall.php,/archive/by_date/2004/06/10,/archive/by_date/2004/06/10,they_cover_wall,1,0,506,"They Cover Walls","2004-06-10 23:35:44"
/archives/2004/06/launch.php,/archive/by_date/2004/06/14,/archive/by_date/2004/06/14,launch,1,0,505,Launch,"2004-06-14 02:02:28"
/archives/2004/06/patterns_of_cul.php,/archive/by_date/2004/06/16,/archive/by_date/2004/06/16,patterns_of_cul,1,0,504,"Patterns of Culture","2004-06-16 15:51:53"
/archives/2004/06/clickclickclick.php,/archive/by_date/2004/06/20,/archive/by_date/2004/06/20,clickclickclick,1,0,503,Clickclickclickclickclick...,"2004-06-20 22:38:31"
/archives/2004/06/you_stood_out_f.php,/archive/by_date/2004/06/22,/archive/by_date/2004/06/22,you_stood_out_f,1,0,502,"You stood out from the crowd","2004-06-22 16:48:27"
/archives/2004/06/transmission_of.php,/archive/by_date/2004/06/30,/archive/by_date/2004/06/30,transmission_of,1,0,501,"Transmission of Plans","2004-06-30 11:59:08"
/archives/2004/07/technical_advan.php,/archive/by_date/2004/07/04,/archive/by_date/2004/07/04,technical_advan,1,0,500,"Technical Advantages","2004-07-04 23:33:06"
/archives/2004/07/ill_drink_to_th.php,/archive/by_date/2004/07/07#ill_drink_to_th,/archive/by_date/2004/07/07,ill_drink_to_th,2,1,499,"I'll Drink To That","2004-07-07 23:28:02"
/archives/2004/07/deux.php,/archive/by_date/2004/07/07#deux,/archive/by_date/2004/07/07,deux,2,1,498,Deux,"2004-07-07 23:52:26"
/archives/2004/07/tied_up_tied_do.php,/archive/by_date/2004/07/15,/archive/by_date/2004/07/15,tied_up_tied_do,1,0,497,"Tied up - Tied down","2004-07-15 13:41:27"
/archives/2004/07/tool_shed_blues.php,/archive/by_date/2004/07/20,/archive/by_date/2004/07/20,tool_shed_blues,1,0,496,"Tool Shed Blues","2004-07-20 15:16:38"
/archives/2004/07/forging_order.php,/archive/by_date/2004/07/27,/archive/by_date/2004/07/27,forging_order,1,0,495,"forging order","2004-07-27 13:31:31"
/archives/2004/08/harmony.php,/archive/by_date/2004/08/06,/archive/by_date/2004/08/06,harmony,1,0,741,Harmony,"2004-08-06 17:31:29"
/archives/2004/08/new_beginnings.php,/archive/by_date/2004/08/10,/archive/by_date/2004/08/10,new_beginnings,1,0,742,"New Beginnings","2004-08-10 23:19:03"
/archives/2004/08/beekind.php,/archive/by_date/2004/08/17,/archive/by_date/2004/08/17,beekind,1,0,743,Beekind,"2004-08-17 12:28:35"
/archives/2004/08/before_and_afte.php,/archive/by_date/2004/08/28#before_and_afte,/archive/by_date/2004/08/28,before_and_afte,2,1,744,"Before and After","2004-08-28 14:40:50"
/archives/2004/08/cucumber_cool.php,/archive/by_date/2004/08/28#cucumber_cool,/archive/by_date/2004/08/28,cucumber_cool,2,1,745,"Cucumber Cool","2004-08-28 16:26:20"
/archives/2004/08/a_giant_mirror_1.php,/archive/by_date/2004/08/30,/archive/by_date/2004/08/30,a_giant_mirror_1,1,0,746,"A Giant Mirror","2004-08-30 01:32:26"
/archives/2004/08/banana_moon.php,/archive/by_date/2004/08/31,/archive/by_date/2004/08/31,banana_moon,1,0,747,"Banana moon","2004-08-31 02:14:32"
/archives/2004/09/countdown.php,/archive/by_date/2004/09/15,/archive/by_date/2004/09/15,countdown,1,0,749,Countdown,"2004-09-15 02:00:16"
/archives/2004/09/falling.php,/archive/by_date/2004/09/17,/archive/by_date/2004/09/17,falling,1,0,754,Falling,"2004-09-17 12:51:23"
/archives/2004/09/maki.php,/archive/by_date/2004/09/23,/archive/by_date/2004/09/23,maki,1,0,755,Maki,"2004-09-23 14:21:04"
/archives/2004/09/daisy_rainbow.php,/archive/by_date/2004/09/25,/archive/by_date/2004/09/25,daisy_rainbow,1,0,756,"Daisy Rainbow","2004-09-25 23:07:12"
/archives/2004/09/auberge_des_jeu.php,/archive/by_date/2004/09/30,/archive/by_date/2004/09/30,auberge_des_jeu,1,0,757,"Auberge des Jeunes","2004-09-30 05:01:38"
/archives/2004/10/informatiques.php,/archive/by_date/2004/10/05,/archive/by_date/2004/10/05,informatiques,1,0,758,Informatiques,"2004-10-05 11:35:00"
/archives/2004/10/friendly_giant.php,/archive/by_date/2004/10/11#friendly_giant,/archive/by_date/2004/10/11,friendly_giant,2,1,759,"Friendly Giant","2004-10-11 07:36:01"
/archives/2004/10/no_place_like_h.php,/archive/by_date/2004/10/11#no_place_like_h,/archive/by_date/2004/10/11,no_place_like_h,2,1,760,"No place like home?","2004-10-11 12:10:51"
/archives/2004/10/southward_bound.php,/archive/by_date/2004/10/14,/archive/by_date/2004/10/14,southward_bound,1,0,761,"Southward Bound","2004-10-14 16:00:27"
/archives/2004/10/easy_go.php,/archive/by_date/2004/10/19,/archive/by_date/2004/10/19,easy_go,1,0,762,"Easy Go","2004-10-19 14:45:07"
/archives/2004/10/an_oasis_of_cha.php,/archive/by_date/2004/10/21,/archive/by_date/2004/10/21,an_oasis_of_cha,1,0,763,"An Oasis of Chance","2004-10-21 07:28:14"
/archives/2004/10/pardon_me.php,/archive/by_date/2004/10/25,/archive/by_date/2004/10/25,pardon_me,1,0,764,"Pardon me?","2004-10-25 07:49:02"
/archives/2004/10/title.php,/archive/by_date/2004/10/30,/archive/by_date/2004/10/30,title,1,0,765,Title,"2004-10-30 15:03:22"
/archives/2004/11/_but_sweet.php,/archive/by_date/2004/11/03,/archive/by_date/2004/11/03,_but_sweet,1,0,766,"... but sweet","2004-11-03 09:43:17"
/archives/2004/11/long_time_no_se.php,/archive/by_date/2004/11/14,/archive/by_date/2004/11/14,long_time_no_se,1,0,767,"Long time, no see","2004-11-14 13:40:36"
/archives/2004/11/really.php,/archive/by_date/2004/11/23,/archive/by_date/2004/11/23,really,1,0,768,Really?,"2004-11-23 15:08:39"
/archives/2004/11/loiseau_do_feu.php,/archive/by_date/2004/11/25,/archive/by_date/2004/11/25,loiseau_do_feu,1,0,769,"L'Oiseau do feu, 1958","2004-11-25 14:04:34"
/archives/2004/12/stuck_in_the_mi.php,/archive/by_date/2004/12/11#stuck_in_the_mi,/archive/by_date/2004/12/11,stuck_in_the_mi,2,1,770,"Stuck in the middle","2004-12-11 08:47:02"
/archives/2004/12/with_you.php,/archive/by_date/2004/12/11#with_you,/archive/by_date/2004/12/11,with_you,2,1,771,"With you?","2004-12-11 08:47:02"
/archives/2004/12/to_you_and_your.php,/archive/by_date/2004/12/24,/archive/by_date/2004/12/24,to_you_and_your,1,0,772,"To you and yours","2004-12-24 00:47:39"
/archives/2005/01/amsterdamaged.php,/archive/by_date/2005/01/08,/archive/by_date/2005/01/08,amsterdamaged,1,0,773,amsterdamaged,"2005-01-08 08:36:03"
/archives/2005/01/vampires_and_su.php,/archive/by_date/2005/01/20,/archive/by_date/2005/01/20,vampires_and_su,1,0,774,"Vampires and such","2005-01-20 14:10:42"
/archives/2005/02/presale_whale_1.php,/archive/by_date/2005/02/01,/archive/by_date/2005/02/01,presale_whale_1,1,0,775,"Pre-Sale Whale","2005-02-01 05:43:03"
/archives/2005/02/pain_in_the.php,/archive/by_date/2005/02/15,/archive/by_date/2005/02/15,pain_in_the,1,0,776,"Pain in the...","2005-02-15 15:24:51"
/archives/2005/02/and_roll.php,/archive/by_date/2005/02/22,/archive/by_date/2005/02/22,and_roll,1,0,777,"And Roll","2005-02-22 01:04:15"
/archives/2005/02/find_the_honey.php,/archive/by_date/2005/02/23,/archive/by_date/2005/02/23,find_the_honey,1,0,778,"Find the honey tree","2005-02-23 08:45:43"
/archives/2005/03/in_the_grips.php,/archive/by_date/2005/03/03,/archive/by_date/2005/03/03,in_the_grips,1,0,779,"In the grips","2005-03-03 01:36:36"
/archives/2005/03/found_1.php,/archive/by_date/2005/03/15,/archive/by_date/2005/03/15,found_1,1,0,780,fou.nd,"2005-03-15 13:39:44"
/archives/2005/03/emphasis_theirs.php,/archive/by_date/2005/03/18,/archive/by_date/2005/03/18,emphasis_theirs,1,0,781,"Emphasis theirs","2005-03-18 14:21:04"
/archives/2005/03/lane.php,/archive/by_date/2005/03/22,/archive/by_date/2005/03/22,lane,1,0,785,lane,"2005-03-22 17:45:29"
/archives/2005/03/wheel_of_fortun.php,/archive/by_date/2005/03/25,/archive/by_date/2005/03/25,wheel_of_fortun,1,0,786,"Wheel of fortune","2005-03-25 09:58:07"
/archives/2005/04/i_am_given.php,/archive/by_date/2005/04/01,/archive/by_date/2005/04/01,i_am_given,1,0,787,"I am given","2005-04-01 01:04:26"
/archives/2005/04/210_nerd.php,/archive/by_date/2005/04/08,/archive/by_date/2005/04/08,210_nerd,1,0,788,"2^10 = nerd","2005-04-08 10:31:27"
/archives/2005/04/two_for_the_pri.php,/archive/by_date/2005/04/15,/archive/by_date/2005/04/15,two_for_the_pri,1,0,789,"two for the price of one","2005-04-15 09:46:58"
/archives/2005/04/thank_you_kindl.php,/archive/by_date/2005/04/25,/archive/by_date/2005/04/25,thank_you_kindl,1,0,790,"Thank you kindly","2005-04-25 12:14:58"
/archives/2005/04/oranje.php,/archive/by_date/2005/04/29,/archive/by_date/2005/04/29,oranje,1,0,791,Oranje,"2005-04-29 09:17:16"
/archives/2005/05/greymatter_exer.php,/archive/by_date/2005/05/05,/archive/by_date/2005/05/05,greymatter_exer,1,0,792,"Greymatter Exercise","2005-05-05 10:16:02"
/archives/2005/05/noam_gonick_sho.php,/archive/by_date/2005/05/08,/archive/by_date/2005/05/08,noam_gonick_sho,1,0,793,"of the most dangerous","2005-05-08 06:28:14"
/archives/2005/05/314159265etc_1.php,/archive/by_date/2005/05/16,/archive/by_date/2005/05/16,314159265etc_1,1,0,794,3.14159265[etc],"2005-05-16 06:38:46"
/archives/2005/06/who_me.php,/archive/by_date/2005/06/01,/archive/by_date/2005/06/01,who_me,1,0,795,"Who me?","2005-06-01 10:50:05"
/archives/2005/06/climb_trees.php,/archive/by_date/2005/06/11,/archive/by_date/2005/06/11,climb_trees,1,0,796,"Climb Trees","2005-06-11 09:41:00"
/archives/2005/06/little_indiscre.php,/archive/by_date/2005/06/12,/archive/by_date/2005/06/12,little_indiscre,1,0,797,"Little Indiscretions","2005-06-12 06:14:21"
/archives/2005/06/tolerance.php,/archive/by_date/2005/06/17,/archive/by_date/2005/06/17,tolerance,1,0,798,Tolerance?,"2005-06-17 09:42:50"
/archives/2005/06/all_in_the_fami.php,/archive/by_date/2005/06/24,/archive/by_date/2005/06/24,all_in_the_fami,1,0,799,"All in the family","2005-06-24 02:03:03"
/archives/2005/06/devil_of_a_lake.php,/archive/by_date/2005/06/30,/archive/by_date/2005/06/30,devil_of_a_lake,1,0,800,"Devil of a lake","2005-06-30 05:16:41"
/archives/2005/07/dad_will_dig.php,/archive/by_date/2005/07/05,/archive/by_date/2005/07/05,dad_will_dig,1,0,801,"Dad Will Dig","2005-07-05 11:06:33"
/archives/2005/07/pieces_of_eight.php,/archive/by_date/2005/07/16,/archive/by_date/2005/07/16,pieces_of_eight,1,0,802,"Pieces of Eight","2005-07-16 11:46:43"
/archives/2005/07/favourite_drug.php,/archive/by_date/2005/07/18,/archive/by_date/2005/07/18,favourite_drug,1,0,803,"Favourite Drug:","2005-07-18 15:42:07"
/archives/2005/07/do_as_i_do.php,/archive/by_date/2005/07/23,/archive/by_date/2005/07/23,do_as_i_do,1,0,804,"Do as I do","2005-07-23 15:04:21"
/archives/2005/07/consume.php,/archive/by_date/2005/07/25,/archive/by_date/2005/07/25,consume,1,0,805,Consume,"2005-07-25 05:36:02"
/archives/2005/08/give_me_twenty.php,/archive/by_date/2005/08/02,/archive/by_date/2005/08/02,give_me_twenty,1,0,806,"Give me twenty","2005-08-02 04:18:36"
/archives/2005/08/there_are_signs_1.php,/archive/by_date/2005/08/06,/archive/by_date/2005/08/06,there_are_signs_1,1,0,807,"There are signs everywhere","2005-08-06 18:24:37"
/archives/2005/08/dracaena.php,/archive/by_date/2005/08/14,/archive/by_date/2005/08/14,dracaena,1,0,808,debating,"2005-08-14 06:04:34"
/archives/2005/08/366_days.php,/archive/by_date/2005/08/23,/archive/by_date/2005/08/23,366_days,1,0,809,"366 Days","2005-08-23 03:28:41"
/archives/2005/09/time_for_travel.php,/archive/by_date/2005/09/04,/archive/by_date/2005/09/04,time_for_travel,1,0,810,"Time for Travel","2005-09-04 17:51:24"
/archives/2005/09/aromas_and_humi.php,/archive/by_date/2005/09/06,/archive/by_date/2005/09/06,aromas_and_humi,1,0,811,"Aromas and Humidity","2005-09-06 08:29:53"
/archives/2005/09/from_another.php,/archive/by_date/2005/09/09,/archive/by_date/2005/09/09,from_another,1,0,812,"from another","2005-09-09 01:29:07"
/archives/2005/09/hits_your_eye.php,/archive/by_date/2005/09/14,/archive/by_date/2005/09/14,hits_your_eye,1,0,813,"Hits your eye","2005-09-14 09:51:04"
/archives/2005/09/beebytes.php,/archive/by_date/2005/09/16,/archive/by_date/2005/09/16,beebytes,1,0,814,BeeBytes,"2005-09-16 09:33:21"
/archives/2005/09/water_fell.php,/archive/by_date/2005/09/25,/archive/by_date/2005/09/25,water_fell,1,0,815,"water fell","2005-09-25 07:59:32"
/archives/2005/09/the_way.php,/archive/by_date/2005/09/27,/archive/by_date/2005/09/27,the_way,1,0,816,"The Way","2005-09-27 23:29:28"
/archives/2005/10/flip_the_switch.php,/archive/by_date/2005/10/01,/archive/by_date/2005/10/01,flip_the_switch,1,0,817,"Flip the switch","2005-10-01 02:20:18"
/archives/2005/10/chill_bill.php,/archive/by_date/2005/10/02,/archive/by_date/2005/10/02,chill_bill,1,0,818,"Chill Bill","2005-10-02 03:38:07"
/archives/2005/10/current_sea.php,/archive/by_date/2005/10/04,/archive/by_date/2005/10/04,current_sea,1,0,819,"Current Sea","2005-10-04 01:56:38"
/archives/2005/10/a_return.php,/archive/by_date/2005/10/11,/archive/by_date/2005/10/11,a_return,1,0,820,"A Return","2005-10-11 08:09:19"
/archives/2005/10/winegums.php,/archive/by_date/2005/10/18,/archive/by_date/2005/10/18,winegums,1,0,821,Winegums,"2005-10-18 07:49:09"
/archives/2005/11/mixture_of_frai.php,/archive/by_date/2005/11/01,/archive/by_date/2005/11/01,mixture_of_frai,1,0,822,"Mixture of Frailties","2005-11-01 15:26:30"
/archives/2005/11/alabama.php,/archive/by_date/2005/11/08,/archive/by_date/2005/11/08,alabama,1,0,823,alabama,"2005-11-08 02:11:27"
/archives/2005/11/paris_in_oh_fou.php,/archive/by_date/2005/11/09,/archive/by_date/2005/11/09,paris_in_oh_fou,1,0,824,"Sorting, Tagging, Tweaking","2005-11-09 22:25:04"
/archives/2005/11/three.php,/archive/by_date/2005/11/10#three,/archive/by_date/2005/11/10,three,2,1,825,three,"2005-11-10 03:23:31"
/archives/2005/11/espaaa.php,/archive/by_date/2005/11/10#espaaa,/archive/by_date/2005/11/10,espaaa,2,1,826,"Tapas for all","2005-11-10 21:55:48"
/archives/2005/11/enclosed.php,/archive/by_date/2005/11/11,/archive/by_date/2005/11/11,enclosed,1,0,827,enclosed,"2005-11-11 16:14:28"
/archives/2005/11/fresh_is_the_ta.php,/archive/by_date/2005/11/18,/archive/by_date/2005/11/18,fresh_is_the_ta,1,0,828,"Fresh is the taste","2005-11-18 19:59:37"
/archives/2005/11/reabsorption.php,/archive/by_date/2005/11/23,/archive/by_date/2005/11/23,reabsorption,1,0,829,Reabsorption,"2005-11-23 14:28:22"
/archives/2005/11/losing_ground.php,/archive/by_date/2005/11/29,/archive/by_date/2005/11/29,losing_ground,1,0,830,"Losing Ground","2005-11-29 11:29:14"
/archives/2005/12/have_you_forgot.php,/archive/by_date/2005/12/16,/archive/by_date/2005/12/16,have_you_forgot,1,0,831,"Have you forgotten what we are?","2005-12-16 13:57:05"
/archives/2005/12/palm_in_the_mid.php,/archive/by_date/2005/12/18,/archive/by_date/2005/12/18,palm_in_the_mid,1,0,832,"Palm in the Middle","2005-12-18 18:21:59"
/archives/2005/12/part_apart.php,/archive/by_date/2005/12/20,/archive/by_date/2005/12/20,part_apart,1,0,833,"Part Apart","2005-12-20 16:49:15"
/archives/2005/12/gloria.php,/archive/by_date/2005/12/24,/archive/by_date/2005/12/24,gloria,1,0,834,Gloria,"2005-12-24 14:43:14"
/archives/2006/01/when_theres_not.php,/archive/by_date/2006/01/06,/archive/by_date/2006/01/06,when_theres_not,1,0,836,"When there's nothing left to burn...","2006-01-06 15:01:05"
/archives/2006/01/bee_still.php,/archive/by_date/2006/01/11,/archive/by_date/2006/01/11,bee_still,1,0,837,"Bee Still (Simple Meditation)","2006-01-11 16:39:20"
/archives/2006/01/pieces_of_piece.php,/archive/by_date/2006/01/14#pieces_of_piece,/archive/by_date/2006/01/14,pieces_of_piece,2,1,838,"pieces of pieces","2006-01-14 14:45:51"
/archives/2006/01/greasemonkeyd_m.php,/archive/by_date/2006/01/14#greasemonkeyd_m,/archive/by_date/2006/01/14,greasemonkeyd_m,2,1,839,"Greasemonkey'd Music Search","2006-01-14 18:01:47"
/archives/2006/01/no_caps_1.php,/archive/by_date/2006/01/18,/archive/by_date/2006/01/18,no_caps_1,1,0,840,"no caps","2006-01-18 10:47:23"
/archives/2006/01/transplanted.php,/archive/by_date/2006/01/20,/archive/by_date/2006/01/20,transplanted,1,0,841,Transplanted,"2006-01-20 00:25:33"
/archives/2006/01/two_chariot_whe.php,/archive/by_date/2006/01/26,/archive/by_date/2006/01/26,two_chariot_whe,1,0,842,"two chariot wheels","2006-01-26 00:10:08"
/archives/2006/01/torn.php,/archive/by_date/2006/01/27,/archive/by_date/2006/01/27,torn,1,0,843,Torn,"2006-01-27 16:15:40"
/archives/2006/01/it_is_interesti.php,/archive/by_date/2006/01/28,/archive/by_date/2006/01/28,it_is_interesti,1,0,844,revealed,"2006-01-28 01:27:48"
/archives/2006/02/twinkle.php,/archive/by_date/2006/02/02,/archive/by_date/2006/02/02,twinkle,1,0,845,Twinkle,"2006-02-02 17:10:56"
/archives/2006/02/left_behind.php,/archive/by_date/2006/02/03,/archive/by_date/2006/02/03,left_behind,1,0,846,"Left behind","2006-02-03 08:53:47"
/archives/2006/02/controller_cont.php,/archive/by_date/2006/02/09,/archive/by_date/2006/02/09,controller_cont,1,0,847,"Controller Controller","2006-02-09 16:11:03"
/archives/2006/02/pleasure_vs_pai.php,/archive/by_date/2006/02/10,/archive/by_date/2006/02/10,pleasure_vs_pai,1,0,848,"Pleasure vs. Pain","2006-02-10 10:42:17"
/archives/2006/02/same_river_diff_1.php,/archive/by_date/2006/02/20,/archive/by_date/2006/02/20,same_river_diff_1,1,0,849,"Same River, Different Foot","2006-02-20 22:11:36"
/archives/2006/02/clearly_or_dark.php,/archive/by_date/2006/02/24,/archive/by_date/2006/02/24,clearly_or_dark,1,0,850,"clearly or darkly","2006-02-24 00:59:30"
/archives/2006/02/grab_hold.php,/archive/by_date/2006/02/27,/archive/by_date/2006/02/27,grab_hold,1,0,852,"Grab Hold","2006-02-27 19:01:26"
/archives/2006/03/roller.php,/archive/by_date/2006/03/02,/archive/by_date/2006/03/02,roller,1,0,853,roller,"2006-03-02 01:44:16"
/archives/2006/03/soda_pop.php,/archive/by_date/2006/03/10,/archive/by_date/2006/03/10,soda_pop,1,0,854,"Soda Pop","2006-03-10 15:58:12"
/archives/2006/03/until.php,/archive/by_date/2006/03/22,/archive/by_date/2006/03/22,until,1,0,856,Until,"2006-03-22 16:28:10"
/archives/2006/03/a_rebel_yell.php,/archive/by_date/2006/03/26,/archive/by_date/2006/03/26,a_rebel_yell,1,0,857,"A Rebel Yell","2006-03-26 02:22:14"
/archives/2006/04/everything_i_ha.php,/archive/by_date/2006/04/07,/archive/by_date/2006/04/07,everything_i_ha,1,0,858,"Everything I Have","2006-04-07 15:13:23"
/archives/2006/04/nerdcore.php,/archive/by_date/2006/04/15,/archive/by_date/2006/04/15,nerdcore,1,0,859,Nerdcore,"2006-04-15 19:50:14"
/archives/2006/04/we_exist.php,/archive/by_date/2006/04/27,/archive/by_date/2006/04/27,we_exist,1,0,860,"We Exist","2006-04-27 16:18:09"
/archives/2006/04/dear_future.php,/archive/by_date/2006/04/30#dear_future,/archive/by_date/2006/04/30,dear_future,2,1,861,"dear future,","2006-04-30 22:38:19"
/archives/2006/04/recipe.php,/archive/by_date/2006/04/30#recipe,/archive/by_date/2006/04/30,recipe,2,1,862,recipe,"2006-04-30 22:40:47"
/archives/2006/05/dandy_lions.php,/archive/by_date/2006/05/10,/archive/by_date/2006/05/10,dandy_lions,1,0,863,"Dandy Lions","2006-05-10 14:58:38"
/archives/2006/05/transparent.php,/archive/by_date/2006/05/12,/archive/by_date/2006/05/12,transparent,1,0,864,transparent,"2006-05-12 16:21:22"
/archives/2006/05/your_name_on_a_1.php,/archive/by_date/2006/05/21,/archive/by_date/2006/05/21,your_name_on_a_1,1,0,865,"your name on a list","2006-05-21 19:56:24"
/archives/2006/05/_ve.php,/archive/by_date/2006/05/27,/archive/by_date/2006/05/27,_ve,1,0,866,"+/- ve","2006-05-27 00:44:42"
/archives/2006/06/courage.php,/archive/by_date/2006/06/10,/archive/by_date/2006/06/10,courage,1,0,867,Freedom,"2006-06-10 11:25:44"
/archives/2006/06/finally.php,/archive/by_date/2006/06/14,/archive/by_date/2006/06/14,finally,1,0,868,Finally,"2006-06-14 22:59:49"
/archives/2006/06/geeksta.php,/archive/by_date/2006/06/22,/archive/by_date/2006/06/22,geeksta,1,0,869,Geeksta,"2006-06-22 09:25:37"
/archives/2006/06/smarty_pants.php,/archive/by_date/2006/06/30,/archive/by_date/2006/06/30,smarty_pants,1,0,870,"Smarty Pants","2006-06-30 15:12:22"
/archives/2006/07/enter_new_creat.php,/archive/by_date/2006/07/08,/archive/by_date/2006/07/08,enter_new_creat,1,0,871,"Enter New Create","2006-07-08 00:14:02"
/archives/2006/07/a_waltz_with_wo.php,/archive/by_date/2006/07/18,/archive/by_date/2006/07/18,a_waltz_with_wo,1,0,872,"A Waltz With Woman","2006-07-18 00:39:12"
/archives/2006/07/south_by_south.php,/archive/by_date/2006/07/24,/archive/by_date/2006/07/24,south_by_south,1,0,874,"South by South East","2006-07-24 16:57:48"
/archives/2006/08/we_was_welcome.php,/archive/by_date/2006/08/01,/archive/by_date/2006/08/01,we_was_welcome,1,0,875,"We Was Welcome","2006-08-01 23:51:44"
/archives/2006/08/shoe_repair.php,/archive/by_date/2006/08/02,/archive/by_date/2006/08/02,shoe_repair,1,0,879,"shoe repair","2006-08-02 19:59:07"
/archives/2006/08/beat_and_pieces.php,/archive/by_date/2006/08/08,/archive/by_date/2006/08/08,beat_and_pieces,1,0,880,"Beat and Pieces","2006-08-08 10:13:02"
/archives/2006/08/false_sense_of.php,/archive/by_date/2006/08/11,/archive/by_date/2006/08/11,false_sense_of,1,0,881,"False Sense of Insecurity?","2006-08-11 14:09:19"
/archives/2006/08/decorate_your_d_1.php,/archive/by_date/2006/08/16,/archive/by_date/2006/08/16,decorate_your_d_1,1,0,882,"Decorate Your Dignity","2006-08-16 14:59:29"
/archives/2006/08/why_we_fight_1.php,/archive/by_date/2006/08/24,/archive/by_date/2006/08/24,why_we_fight_1,1,0,883,"Why We Fight","2006-08-24 12:43:41"
/archives/2006/08/tween.php,/archive/by_date/2006/08/29,/archive/by_date/2006/08/29,tween,1,0,884,Tween,"2006-08-29 00:22:26"
/archives/2006/09/many_things_to.php,/archive/by_date/2006/09/06,/archive/by_date/2006/09/06,many_things_to,1,0,885,"Many Things To Say","2006-09-06 23:21:28"
/archives/2006/09/flappn.php,/archive/by_date/2006/09/23,/archive/by_date/2006/09/23,flappn,1,0,886,Flapp'n,"2006-09-23 15:19:34"
/archives/2006/09/fallenprey.php,/archive/by_date/2006/09/27#fallenprey,/archive/by_date/2006/09/27,fallenprey,2,1,887,FallenPrey,"2006-09-27 23:06:34"
/archives/2006/09/stat_attack.php,/archive/by_date/2006/09/27#stat_attack,/archive/by_date/2006/09/27,stat_attack,2,1,888,"Stat Attack","2006-09-27 23:14:20"
/archives/2006/09/gone_pear_shape.php,/archive/by_date/2006/09/29,/archive/by_date/2006/09/29,gone_pear_shape,1,0,889,"""Might is Right"" Gone Pear Shaped","2006-09-29 16:32:07"
/archives/2006/10/urban_forest_ex.php,/archive/by_date/2006/10/03,/archive/by_date/2006/10/03,urban_forest_ex,1,0,890,"Urban Forest Explored","2006-10-03 12:14:00"
/archives/2006/10/shaddai.php,/archive/by_date/2006/10/11,/archive/by_date/2006/10/11,shaddai,1,0,891,Shaddai,"2006-10-11 12:16:10"
/archives/2006/10/nihilism.php,/archive/by_date/2006/10/15,/archive/by_date/2006/10/15,nihilism,1,0,892,nihilism,"2006-10-15 23:24:25"
/archives/2006/10/people_before_p.php,/archive/by_date/2006/10/20,/archive/by_date/2006/10/20,people_before_p,1,0,893,"People Before Profit","2006-10-20 15:41:02"
/archives/2006/11/wash_dont_run.php,/archive/by_date/2006/11/10,/archive/by_date/2006/11/10,wash_dont_run,1,0,894,"Wash Don't Run","2006-11-10 15:54:14"
/archives/2006/11/reston_virginia.php,/archive/by_date/2006/11/17,/archive/by_date/2006/11/17,reston_virginia,1,0,895,"Reston, Virginia Trees","2006-11-17 00:14:03"
/archives/2006/11/prairie_fire_co.php,/archive/by_date/2006/11/18,/archive/by_date/2006/11/18,prairie_fire_co,1,0,897,"Prairie Fire Cover","2006-11-18 20:59:12"
/archives/2006/11/languagehammer.php,/archive/by_date/2006/11/19,/archive/by_date/2006/11/19,languagehammer,1,0,898,languageHammer,"2006-11-19 23:56:17"
/archives/2006/11/lost_in_the_tim.php,/archive/by_date/2006/11/20,/archive/by_date/2006/11/20,lost_in_the_tim,1,0,899,"Lost in the TimeSlice","2006-11-20 22:58:10"
/archives/2006/12/to_sleep_percha.php,/archive/by_date/2006/12/01#to_sleep_percha,/archive/by_date/2006/12/01,to_sleep_percha,2,1,900,"To Sleep, Perchance to Scream","2006-12-01 15:16:16"
/archives/2006/12/my_god_its_full.php,/archive/by_date/2006/12/01#my_god_its_full,/archive/by_date/2006/12/01,my_god_its_full,2,1,901,"My God, it's Full of Stars","2006-12-01 15:28:06"
/archives/2006/12/just_one_less_t.php,/archive/by_date/2006/12/05,/archive/by_date/2006/12/05,just_one_less_t,1,0,902,"Just One Less Than Most","2006-12-05 23:28:39"
/archives/2006/12/chills_bells.php,/archive/by_date/2006/12/21,/archive/by_date/2006/12/21,chills_bells,1,0,903,"Chills Bells","2006-12-21 18:15:58"
/archives/2006/12/astro_mix.php,/archive/by_date/2006/12/22,/archive/by_date/2006/12/22,astro_mix,1,0,904,"Astro Mix","2006-12-22 16:37:01"
/archives/2007/01/dawg_walks.php,/archive/by_date/2007/01/02,/archive/by_date/2007/01/02,dawg_walks,1,0,905,pupwalks,"2007-01-02 00:13:17"
/archives/2007/01/manufacturing_r.php,/archive/by_date/2007/01/16,/archive/by_date/2007/01/16,manufacturing_r,1,0,906,"Manufacturing Resent","2007-01-16 23:59:04"
/archives/2007/01/last_is_past.php,/archive/by_date/2007/01/30,/archive/by_date/2007/01/30,last_is_past,1,0,907,"Last is Past","2007-01-30 22:47:16"
/archives/2007/02/_more_videos_a.php,/archive/by_date/2007/02/05,/archive/by_date/2007/02/05,_more_videos_a,1,0,908,"Receipt Withheld","2007-02-05 00:03:46"
/archives/2007/02/potato_scheming.php,/archive/by_date/2007/02/06,/archive/by_date/2007/02/06,potato_scheming,1,0,909,"Potato Scheming","2007-02-06 17:46:09"
/archives/2007/02/in_waiting.php,/archive/by_date/2007/02/20,/archive/by_date/2007/02/20,in_waiting,1,0,910,"In Waiting","2007-02-20 01:00:20"
/archives/2007/03/look_up_get_dow.php,/archive/by_date/2007/03/04,/archive/by_date/2007/03/04,look_up_get_dow,1,0,911,"Look up! Get Down!","2007-03-04 12:40:42"
/archives/2007/03/face_2_face.php,/archive/by_date/2007/03/09,/archive/by_date/2007/03/09,face_2_face,1,0,912,"Face 2 Face","2007-03-09 16:37:23"
/archives/2007/03/wonder_surprise.php,/archive/by_date/2007/03/22,/archive/by_date/2007/03/22,wonder_surprise,1,0,913,"wonder, surprise, or incredulity","2007-03-22 12:06:12"
/archives/2007/03/paid_in_full.php,/archive/by_date/2007/03/26,/archive/by_date/2007/03/26,paid_in_full,1,0,914,"Paid in Full","2007-03-26 22:34:36"
/archives/2007/04/ceci_nest_pas_n.php,/archive/by_date/2007/04/13,/archive/by_date/2007/04/13,ceci_nest_pas_n,1,0,915,"Ceci n'est pas New York - Notes on Baudrillard","2007-04-13 14:42:40"
/archives/2007/04/notes_on_baudri.php,/archive/by_date/2007/04/20,/archive/by_date/2007/04/20,notes_on_baudri,1,0,917,"Notes on Baudrillard - Part 2","2007-04-20 14:22:21"
/archives/2007/05/h_two_oh.php,/archive/by_date/2007/05/04,/archive/by_date/2007/05/04,h_two_oh,1,0,918,"H Two Oh?","2007-05-04 14:35:01"
/archives/2007/05/steal_this_poem.php,/archive/by_date/2007/05/14,/archive/by_date/2007/05/14,steal_this_poem,1,0,919,"Steal This Poem","2007-05-14 13:42:08"
/archives/2007/05/do_you_dream_1.php,/archive/by_date/2007/05/18,/archive/by_date/2007/05/18,do_you_dream_1,1,0,920,"Do you dream?","2007-05-18 00:46:46"
/archives/2007/05/dont_sit_here_1.php,/archive/by_date/2007/05/23,/archive/by_date/2007/05/23,dont_sit_here_1,1,0,921,"Don't Sit Here","2007-05-23 00:57:15"
/archives/2007/05/turtle_shells.php,/archive/by_date/2007/05/31,/archive/by_date/2007/05/31,turtle_shells,1,0,922,"Turtle Shells","2007-05-31 14:29:13"
/archives/2007/06/mole_man_matter.php,/archive/by_date/2007/06/14,/archive/by_date/2007/06/14,mole_man_matter,1,0,923,"Mole Man Matters","2007-06-14 23:44:27"
/archives/2007/07/select_statemen.php,/archive/by_date/2007/07/01,/archive/by_date/2007/07/01,select_statemen,1,0,924,"Select Statement","2007-07-01 17:57:14"
/archives/2007/07/change.php,/archive/by_date/2007/07/05,/archive/by_date/2007/07/05,change,1,0,925,Change,"2007-07-05 21:33:20"
/archives/2007/07/reposition_to_s.php,/archive/by_date/2007/07/10,/archive/by_date/2007/07/10,reposition_to_s,1,0,926,"Autism, Reposition to Shine","2007-07-10 00:00:43"
/archives/2007/08/connect_xii.php,/archive/by_date/2007/08/01,/archive/by_date/2007/08/01,connect_xii,1,0,927,"Connect XII","2007-08-01 23:12:18"
/archives/2007/08/consideration_l.php,/archive/by_date/2007/08/10,/archive/by_date/2007/08/10,consideration_l,1,0,928,"Consideration Liberation","2007-08-10 09:15:41"
/archives/2007/08/with_your_radio_1.php,/archive/by_date/2007/08/23,/archive/by_date/2007/08/23,with_your_radio_1,1,0,930,"With Your Radio On","2007-08-23 23:33:38"
/archives/2007/08/the_amateur_mag.php,/archive/by_date/2007/08/29,/archive/by_date/2007/08/29,the_amateur_mag,1,0,931,"The Amateur Magician","2007-08-29 23:14:45"
/archives/2007/08/show_tell.php,/archive/by_date/2007/08/31,/archive/by_date/2007/08/31,show_tell,1,0,932,"Show + Tell","2007-08-31 20:45:36"
/archives/2007/09/the_druids_tune.php,/archive/by_date/2007/09/12,/archive/by_date/2007/09/12,the_druids_tune,1,0,933,"The Druid's Tune","2007-09-12 15:21:32"
/archives/2007/09/lakeshore.php,/archive/by_date/2007/09/16,/archive/by_date/2007/09/16,lakeshore,1,0,934,Lakeshore,"2007-09-16 10:26:54"
/archives/2007/10/but_i_am_that_p.php,/archive/by_date/2007/10/03,/archive/by_date/2007/10/03,but_i_am_that_p,1,0,935,"But I am that Project","2007-10-03 11:25:16"
/archives/2007/10/crystalized.php,/archive/by_date/2007/10/18,/archive/by_date/2007/10/18,crystalized,1,0,936,Crystalized,"2007-10-18 11:59:43"
/archives/2007/10/usually_permane.php,/archive/by_date/2007/10/20,/archive/by_date/2007/10/20,usually_permane,1,0,937,"usually permanent form","2007-10-20 13:39:01"
/archives/2007/10/number_slumber.php,/archive/by_date/2007/10/27,/archive/by_date/2007/10/27,number_slumber,1,0,938,"Number Slumber","2007-10-27 20:36:25"
/archives/2007/11/greetings.php,/archive/by_date/2007/11/16,/archive/by_date/2007/11/16,greetings,1,0,939,Greetings!,"2007-11-16 18:23:38"
/archives/2007/11/you_are_therefo.php,/archive/by_date/2007/11/23,/archive/by_date/2007/11/23,you_are_therefo,1,0,940,"You Are Therefore You Think","2007-11-23 12:33:41"
/archives/2007/12/canadians_tomor.php,/archive/by_date/2007/12/07,/archive/by_date/2007/12/07,canadians_tomor,1,0,941,"CANADIANS! Tomorrow is your best chance to fight the Canadian DMCA!","2007-12-07 08:46:03"
/archives/2007/12/we_do_count.php,/archive/by_date/2007/12/10,/archive/by_date/2007/12/10,we_do_count,1,0,942,"We Do Count","2007-12-10 14:28:41"
/archives/2007/12/you_were_such_a.php,/archive/by_date/2007/12/11,/archive/by_date/2007/12/11,you_were_such_a,1,0,943,"You were such a P.Y.T.","2007-12-11 20:50:39"
/archives/2007/12/how_to_how_to.php,/archive/by_date/2007/12/15,/archive/by_date/2007/12/15,how_to_how_to,1,0,944,"How to how to","2007-12-15 11:24:18"
/archives/2007/12/dont_break_the.php,/archive/by_date/2007/12/29,/archive/by_date/2007/12/29,dont_break_the,1,0,945,"Don't Break The Chain","2007-12-29 15:59:41"
/archives/2008/01/big_bada_boom_1.php,/archive/by_date/2008/01/11,/archive/by_date/2008/01/11,big_bada_boom_1,1,0,946,"Big BaDa Boom - 1 to 100","2008-01-11 14:54:32"
/archives/2008/01/quest_for_fury.php,/archive/by_date/2008/01/31,/archive/by_date/2008/01/31,quest_for_fury,1,0,947,"Quest for Fury","2008-01-31 18:46:57"
/archives/2008/02/yo_1.php,/archive/by_date/2008/02/01,/archive/by_date/2008/02/01,yo_1,1,0,948,Yo,"2008-02-01 17:58:30"
/archives/2008/02/porgy_bess.php,/archive/by_date/2008/02/10,/archive/by_date/2008/02/10,porgy_bess,1,0,949,"Porgy & Bess","2008-02-10 03:36:51"
/archives/2008/02/sending_zzzzzs.php,/archive/by_date/2008/02/22,/archive/by_date/2008/02/22,sending_zzzzzs,1,0,950,"Sending Zzzzzs Across the Pond","2008-02-22 20:53:05"
/archives/2008/03/stroke_of_insig.php,/archive/by_date/2008/03/13,/archive/by_date/2008/03/13,stroke_of_insig,1,0,951,"Stroke of Insight","2008-03-13 13:22:25"
/archives/2008/04/supersonic.php,/archive/by_date/2008/04/05,/archive/by_date/2008/04/05,supersonic,1,0,952,Supersonic,"2008-04-05 12:02:08"
/archives/2008/04/i_love_the_worl.php,/archive/by_date/2008/04/22,/archive/by_date/2008/04/22,i_love_the_worl,1,0,953,"I Love The World","2008-04-22 09:57:33"
/archives/2008/05/net_neutrality.php,/archive/by_date/2008/05/29,/archive/by_date/2008/05/29,net_neutrality,1,0,955,"Net Neutrality and Copyfight","2008-05-29 14:10:14"
/archives/2008/06/exploration.php,/archive/by_date/2008/06/07,/archive/by_date/2008/06/07,exploration,1,0,959,"Local Exploration","2008-06-07 17:37:35"
/archives/2008/06/copyfight_in_ca.php,/archive/by_date/2008/06/11,/archive/by_date/2008/06/11,copyfight_in_ca,1,0,960,"Copyfight in Canada","2008-06-11 20:30:11"
/archives/2008/06/copyfight_in_ca_2.php,/archive/by_date/2008/06/13,/archive/by_date/2008/06/13,copyfight_in_ca_2,1,0,961,"Copyfight in Canada Redux","2008-06-13 09:18:25"
/archives/2008/06/jim_prentice_mi.php,/archive/by_date/2008/06/20,/archive/by_date/2008/06/20,jim_prentice_mi,1,0,962,"Jim Prentice, Minister of 8-Tracks","2008-06-20 09:56:28"
/archives/2008/06/cornucopia.php,/archive/by_date/2008/06/27,/archive/by_date/2008/06/27,cornucopia,1,0,963,Cornucopia,"2008-06-27 11:37:54"
/archives/2008/07/this_little_pig.php,/archive/by_date/2008/07/18,/archive/by_date/2008/07/18,this_little_pig,1,0,964,"This Little Piggy - Pegcity Farmers' Markets","2008-07-18 16:14:03"
/archives/2008/07/allangeskeca.php,/archive/by_date/2008/07/23,/archive/by_date/2008/07/23,allangeskeca,1,0,965,allangeske.ca,"2008-07-23 11:59:02"
